frame_number,instance_id_in_frame,class_id,class_name,nose_x,nose_y,nose_conf,left_eye_x,left_eye_y,left_eye_conf,right_eye_x,right_eye_y,right_eye_conf,left_ear_x,left_ear_y,left_ear_conf,right_ear_x,right_ear_y,right_ear_conf,left_shoulder_x,left_shoulder_y,left_shoulder_conf,right_shoulder_x,right_shoulder_y,right_shoulder_conf,left_elbow_x,left_elbow_y,left_elbow_conf,right_elbow_x,right_elbow_y,right_elbow_conf,left_wrist_x,left_wrist_y,left_wrist_conf,right_wrist_x,right_wrist_y,right_wrist_conf,left_hip_x,left_hip_y,left_hip_conf,right_hip_x,right_hip_y,right_hip_conf,left_knee_x,left_knee_y,left_knee_conf,right_knee_x,right_knee_y,right_knee_conf,left_ankle_x,left_ankle_y,left_ankle_conf,right_ankle_x,right_ankle_y,right_ankle_conf
1,0,0,person,600.09,250.31,0.76,601.64,248.14,0.84,0.00,0.00,0.10,606.78,249.86,0.94,0.00,0.00,0.02,612.03,263.84,0.99,613.23,262.64,0.89,615.62,283.98,1.00,0.00,0.00,0.32,600.67,290.24,0.99,0.00,0.00,0.35,621.03,296.12,0.97,621.32,294.31,0.88,596.02,311.83,0.86,0.00,0.00,0.47,603.42,340.76,0.50,0.00,0.00,0.19
2,0,0,person,592.63,247.89,0.78,594.51,245.79,0.88,0.00,0.00,0.10,601.20,247.37,0.95,0.00,0.00,0.02,606.83,260.39,0.99,608.20,259.22,0.80,610.52,281.78,1.00,0.00,0.00,0.19,593.23,288.78,0.99,0.00,0.00,0.23,616.35,293.05,0.96,616.67,291.23,0.79,590.46,307.85,0.84,0.00,0.00,0.34,0.00,0.00,0.50,0.00,0.00,0.15
3,0,0,person,588.75,244.34,0.66,590.56,242.34,0.76,0.00,0.00,0.12,595.58,244.39,0.92,0.00,0.00,0.06,599.70,258.00,1.00,602.72,257.07,0.86,603.89,278.99,0.99,0.00,0.00,0.23,588.96,285.66,0.98,0.00,0.00,0.21,609.98,289.37,0.97,611.64,287.65,0.86,586.13,305.54,0.88,0.00,0.00,0.45,592.82,337.87,0.58,0.00,0.00,0.22
4,0,0,person,582.36,241.45,0.69,583.97,239.23,0.79,0.00,0.00,0.11,588.97,240.70,0.92,0.00,0.00,0.04,593.57,254.56,0.99,597.07,253.43,0.83,597.80,274.95,0.99,0.00,0.00,0.23,584.42,282.92,0.98,0.00,0.00,0.24,602.89,288.00,0.96,604.61,286.24,0.82,579.58,304.93,0.85,0.00,0.00,0.38,587.92,336.38,0.51,0.00,0.00,0.17
5,0,0,person,577.21,237.98,0.80,579.09,235.72,0.89,0.00,0.00,0.19,584.32,237.14,0.95,0.00,0.00,0.04,588.43,251.40,0.99,591.82,250.01,0.85,591.88,272.77,0.99,0.00,0.00,0.22,577.85,281.16,0.98,0.00,0.00,0.22,596.48,284.18,0.97,599.09,282.69,0.85,574.04,305.15,0.88,0.00,0.00,0.45,582.31,336.51,0.58,0.00,0.00,0.22
6,0,0,person,0.00,0.00,0.28,0.00,0.00,0.37,0.00,0.00,0.04,579.11,235.51,0.84,0.00,0.00,0.09,583.55,248.29,0.99,589.01,247.17,0.84,587.51,269.61,0.99,0.00,0.00,0.22,576.21,277.64,0.97,0.00,0.00,0.17,591.44,281.66,0.98,595.29,280.32,0.90,569.30,302.19,0.92,575.17,301.88,0.58,580.18,333.01,0.75,0.00,0.00,0.36
7,0,0,person,568.09,233.86,0.70,569.67,231.63,0.80,0.00,0.00,0.15,573.88,232.31,0.92,0.00,0.00,0.06,578.15,244.93,0.99,583.52,244.20,0.85,581.21,266.77,0.99,0.00,0.00,0.22,570.81,275.69,0.96,0.00,0.00,0.21,586.50,277.72,0.97,590.64,276.60,0.87,566.36,300.43,0.90,574.42,299.78,0.52,575.98,330.87,0.64,0.00,0.00,0.28
8,0,0,person,564.82,231.80,0.56,565.96,229.29,0.71,0.00,0.00,0.09,570.20,230.71,0.91,0.00,0.00,0.03,573.82,244.38,0.97,578.85,243.49,0.78,576.00,264.26,0.96,0.00,0.00,0.20,568.10,271.93,0.90,0.00,0.00,0.23,581.07,277.73,0.96,584.03,276.58,0.86,562.53,298.64,0.92,568.32,297.73,0.69,574.34,327.55,0.79,578.68,325.70,0.52
9,0,0,person,560.66,228.92,0.64,562.06,226.49,0.77,0.00,0.00,0.11,566.03,228.10,0.93,0.00,0.00,0.03,568.30,242.19,0.98,576.15,241.22,0.77,570.96,262.27,0.97,0.00,0.00,0.16,564.00,272.57,0.92,0.00,0.00,0.20,576.18,274.96,0.95,580.90,273.69,0.83,556.46,296.29,0.92,563.92,295.29,0.64,570.07,323.66,0.80,0.00,0.00,0.48
10,0,0,person,559.56,228.22,0.56,560.73,225.85,0.69,0.00,0.00,0.10,564.16,227.33,0.91,0.00,0.00,0.04,566.68,241.16,0.98,575.08,239.71,0.78,569.23,262.08,0.96,0.00,0.00,0.17,564.33,273.18,0.89,0.00,0.00,0.18,575.05,274.44,0.95,580.17,273.04,0.83,555.57,296.13,0.91,563.74,294.86,0.64,569.11,323.44,0.78,0.00,0.00,0.49
11,0,0,person,0.00,0.00,0.26,0.00,0.00,0.37,0.00,0.00,0.05,561.50,226.30,0.83,0.00,0.00,0.11,565.70,240.34,0.99,572.58,238.57,0.76,567.57,262.16,0.98,0.00,0.00,0.16,558.17,270.37,0.92,0.00,0.00,0.11,572.91,272.51,0.96,578.10,271.10,0.81,552.72,294.31,0.85,0.00,0.00,0.39,563.91,323.43,0.61,0.00,0.00,0.23
12,0,0,person,0.00,0.00,0.42,554.49,224.98,0.55,0.00,0.00,0.06,558.03,226.43,0.85,0.00,0.00,0.03,562.00,240.23,0.96,568.98,238.93,0.71,564.85,260.80,0.96,0.00,0.00,0.19,555.35,270.91,0.90,0.00,0.00,0.23,569.86,272.91,0.94,573.84,271.28,0.80,550.25,293.09,0.89,556.57,291.57,0.60,562.19,321.96,0.72,0.00,0.00,0.42
13,0,0,person,0.00,0.00,0.24,0.00,0.00,0.31,0.00,0.00,0.05,556.10,226.94,0.74,0.00,0.00,0.08,561.68,240.23,0.98,566.69,239.09,0.74,565.25,261.86,0.99,0.00,0.00,0.21,552.66,270.19,0.95,0.00,0.00,0.19,568.03,273.46,0.96,571.80,272.01,0.83,548.98,293.58,0.85,0.00,0.00,0.46,557.08,324.00,0.61,0.00,0.00,0.27
14,0,0,person,0.00,0.00,0.33,0.00,0.00,0.43,0.00,0.00,0.05,555.62,225.27,0.80,0.00,0.00,0.05,559.26,238.54,0.98,562.54,238.77,0.72,561.82,259.15,0.97,0.00,0.00,0.17,551.60,269.70,0.90,0.00,0.00,0.15,563.41,273.36,0.96,566.17,272.68,0.82,548.21,294.94,0.91,552.37,294.97,0.60,554.57,323.85,0.78,0.00,0.00,0.47
15,0,0,person,547.30,227.69,0.52,549.05,225.31,0.64,0.00,0.00,0.08,554.33,226.64,0.86,0.00,0.00,0.04,558.09,240.70,0.99,560.45,239.69,0.73,561.24,260.88,0.98,0.00,0.00,0.18,549.35,270.50,0.96,0.00,0.00,0.21,564.86,273.97,0.95,566.40,272.73,0.78,548.20,295.54,0.87,0.00,0.00,0.46,552.54,324.85,0.64,0.00,0.00,0.28
18,0,0,person,0.00,0.00,0.23,0.00,0.00,0.30,0.00,0.00,0.04,549.64,232.08,0.75,0.00,0.00,0.08,554.23,245.81,0.99,559.10,244.34,0.72,556.47,265.29,0.99,0.00,0.00,0.18,543.35,271.41,0.97,0.00,0.00,0.18,560.28,279.49,0.96,563.35,277.61,0.78,540.49,294.09,0.84,0.00,0.00,0.36,547.63,321.73,0.58,0.00,0.00,0.21
19,0,0,person,0.00,0.00,0.34,0.00,0.00,0.43,0.00,0.00,0.07,547.60,230.45,0.78,0.00,0.00,0.08,552.64,243.62,0.99,556.26,242.27,0.72,555.09,263.72,0.99,0.00,0.00,0.19,542.55,270.93,0.96,0.00,0.00,0.18,559.21,276.99,0.96,561.75,275.20,0.82,537.02,291.71,0.85,0.00,0.00,0.41,544.78,319.99,0.60,0.00,0.00,0.23
20,0,0,person,0.00,0.00,0.46,541.28,223.98,0.60,0.00,0.00,0.06,544.81,225.54,0.84,0.00,0.00,0.02,549.17,239.58,0.96,554.20,237.93,0.62,552.69,260.23,0.97,0.00,0.00,0.15,543.12,268.98,0.92,0.00,0.00,0.21,558.23,270.93,0.92,561.05,269.15,0.74,535.32,287.26,0.87,0.00,0.00,0.50,543.67,316.28,0.69,0.00,0.00,0.35
21,0,0,person,0.00,0.00,0.14,0.00,0.00,0.19,0.00,0.00,0.03,542.82,220.98,0.67,0.00,0.00,0.09,546.85,233.14,0.98,552.16,231.63,0.63,551.55,253.47,0.98,0.00,0.00,0.15,541.80,260.23,0.92,0.00,0.00,0.14,557.61,266.70,0.95,561.74,265.26,0.77,536.16,283.73,0.87,0.00,0.00,0.43,539.58,314.01,0.69,0.00,0.00,0.30
22,0,0,person,0.00,0.00,0.36,0.00,0.00,0.46,0.00,0.00,0.07,541.36,214.21,0.81,0.00,0.00,0.07,544.94,224.90,0.98,550.18,225.32,0.78,549.93,247.64,0.96,0.00,0.00,0.21,542.21,258.48,0.87,0.00,0.00,0.16,553.16,262.07,0.95,557.42,261.52,0.84,534.39,281.12,0.89,542.20,282.28,0.60,536.81,311.06,0.74,0.00,0.00,0.44
23,0,0,person,0.00,0.00,0.26,0.00,0.00,0.36,0.00,0.00,0.05,541.22,209.21,0.78,0.00,0.00,0.06,545.22,220.08,0.98,551.24,220.61,0.69,548.79,242.57,0.97,0.00,0.00,0.15,538.88,253.83,0.90,0.00,0.00,0.12,552.24,258.23,0.95,557.10,257.67,0.80,531.84,276.94,0.89,539.54,278.50,0.51,536.09,307.45,0.73,0.00,0.00,0.37
24,0,0,person,0.00,0.00,0.12,0.00,0.00,0.15,0.00,0.00,0.02,538.46,203.21,0.58,0.00,0.00,0.06,543.02,215.42,0.97,546.61,215.96,0.61,547.39,238.45,0.98,0.00,0.00,0.17,534.58,249.68,0.93,0.00,0.00,0.15,551.19,252.80,0.95,554.24,252.10,0.80,528.73,272.27,0.89,534.81,272.95,0.54,537.38,304.13,0.73,0.00,0.00,0.39
25,0,0,person,0.00,0.00,0.42,536.08,198.63,0.53,0.00,0.00,0.10,539.96,199.67,0.82,0.00,0.00,0.09,544.20,213.59,0.99,548.99,212.36,0.75,548.04,236.14,0.98,0.00,0.00,0.18,534.94,245.09,0.95,0.00,0.00,0.17,551.42,248.99,0.96,555.48,247.52,0.81,528.37,269.76,0.87,0.00,0.00,0.46,537.27,300.56,0.67,0.00,0.00,0.30
26,0,0,person,531.88,198.54,0.65,533.88,196.25,0.76,0.00,0.00,0.15,539.05,197.13,0.90,0.00,0.00,0.07,543.37,211.03,0.99,547.01,209.80,0.80,545.53,233.19,0.98,0.00,0.00,0.19,533.67,243.24,0.94,0.00,0.00,0.18,550.88,245.44,0.96,553.90,243.94,0.82,528.74,265.74,0.89,534.95,265.08,0.51,537.55,296.34,0.72,0.00,0.00,0.36
27,0,0,person,530.95,195.52,0.51,532.69,193.11,0.62,0.00,0.00,0.11,537.18,193.79,0.84,0.00,0.00,0.07,542.30,208.30,0.99,544.51,206.82,0.75,544.44,231.50,0.98,0.00,0.00,0.19,533.13,241.44,0.93,0.00,0.00,0.19,548.73,243.34,0.95,550.49,241.74,0.78,527.88,263.07,0.87,0.00,0.00,0.48,537.88,293.71,0.70,0.00,0.00,0.35
28,0,0,person,531.79,192.97,0.68,533.99,190.41,0.77,0.00,0.00,0.22,538.44,191.18,0.86,0.00,0.00,0.09,540.40,204.36,0.99,543.51,204.04,0.80,542.77,228.71,0.97,0.00,0.00,0.21,533.02,238.66,0.91,0.00,0.00,0.19,547.29,241.94,0.95,550.04,240.83,0.83,528.01,261.00,0.90,533.10,261.24,0.61,537.53,291.00,0.78,0.00,0.00,0.47
29,0,0,person,530.15,191.05,0.56,532.03,188.63,0.69,0.00,0.00,0.10,537.39,189.62,0.88,0.00,0.00,0.04,540.47,202.68,0.99,544.75,201.71,0.76,543.24,226.65,0.98,0.00,0.00,0.18,533.64,237.79,0.93,0.00,0.00,0.17,546.95,239.29,0.96,550.42,237.98,0.84,528.56,260.88,0.92,534.28,260.80,0.64,537.83,291.11,0.80,0.00,0.00,0.49
30,0,0,person,0.00,0.00,0.27,0.00,0.00,0.34,0.00,0.00,0.05,535.62,187.94,0.72,0.00,0.00,0.07,538.97,201.19,0.98,542.29,200.90,0.72,543.83,224.60,0.98,0.00,0.00,0.20,533.67,234.73,0.93,0.00,0.00,0.18,545.77,238.73,0.96,548.86,237.82,0.85,527.31,260.18,0.92,533.69,260.94,0.65,537.18,291.20,0.81,541.67,291.04,0.51
31,0,0,person,0.00,0.00,0.46,527.42,186.68,0.60,0.00,0.00,0.07,533.56,187.81,0.86,0.00,0.00,0.04,538.10,201.10,0.98,541.67,200.16,0.72,540.72,225.31,0.97,0.00,0.00,0.16,531.12,235.87,0.90,0.00,0.00,0.14,545.37,237.87,0.96,548.49,236.62,0.83,527.13,259.37,0.92,533.36,260.30,0.62,536.34,290.02,0.79,0.00,0.00,0.48
32,0,0,person,0.00,0.00,0.46,530.12,186.19,0.59,0.00,0.00,0.07,535.63,187.13,0.85,0.00,0.00,0.04,540.19,199.91,0.98,543.23,199.80,0.71,544.06,222.80,0.98,0.00,0.00,0.16,532.15,234.86,0.93,0.00,0.00,0.15,546.22,237.15,0.95,548.76,236.11,0.81,526.94,260.04,0.90,531.19,260.33,0.56,535.31,291.20,0.75,0.00,0.00,0.40
33,0,0,person,528.68,189.27,0.57,530.90,186.79,0.70,0.00,0.00,0.11,536.52,188.06,0.87,0.00,0.00,0.04,540.52,200.81,0.99,542.35,200.44,0.73,545.61,223.30,0.98,0.00,0.00,0.16,533.33,235.29,0.94,0.00,0.00,0.16,547.04,237.68,0.96,548.86,236.51,0.81,526.78,260.29,0.91,531.21,260.30,0.56,535.08,292.61,0.76,0.00,0.00,0.41
34,0,0,person,528.20,189.62,0.68,530.35,187.04,0.80,0.00,0.00,0.14,536.42,187.94,0.90,0.00,0.00,0.04,540.57,201.00,0.99,542.10,200.70,0.78,545.77,223.02,0.98,0.00,0.00,0.19,533.43,235.40,0.95,0.00,0.00,0.20,547.01,237.42,0.96,548.48,236.17,0.83,526.55,260.40,0.91,530.60,259.67,0.60,534.98,290.91,0.76,0.00,0.00,0.44
35,0,0,person,529.81,190.89,0.59,531.73,188.42,0.70,0.00,0.00,0.12,537.11,189.26,0.87,0.00,0.00,0.05,540.57,201.92,0.99,543.84,201.76,0.80,544.88,224.90,0.98,0.00,0.00,0.25,533.44,236.80,0.94,0.00,0.00,0.24,547.45,238.29,0.96,550.21,237.22,0.85,527.46,259.82,0.91,532.07,259.88,0.63,534.78,289.34,0.75,0.00,0.00,0.45
36,0,0,person,530.35,191.80,0.64,532.29,189.10,0.76,0.00,0.00,0.12,538.44,189.37,0.90,0.00,0.00,0.04,542.32,202.25,0.99,545.64,202.49,0.77,545.53,225.39,0.98,0.00,0.00,0.19,533.58,236.60,0.93,0.00,0.00,0.18,547.07,239.66,0.95,549.73,238.60,0.82,526.35,257.85,0.90,530.68,257.83,0.59,533.90,287.58,0.76,0.00,0.00,0.44
37,0,0,person,531.27,190.15,0.74,533.52,187.58,0.84,0.00,0.00,0.15,539.83,188.50,0.93,0.00,0.00,0.04,543.18,201.71,0.99,546.60,201.03,0.79,545.97,225.33,0.98,0.00,0.00,0.17,535.01,235.47,0.92,0.00,0.00,0.16,549.40,237.74,0.95,552.31,236.29,0.79,526.70,253.58,0.88,532.15,253.02,0.52,534.41,283.38,0.72,0.00,0.00,0.38
38,0,0,person,532.97,187.84,0.71,534.39,185.04,0.84,0.00,0.00,0.12,539.90,185.99,0.94,0.00,0.00,0.02,544.20,200.88,0.98,547.95,198.99,0.83,546.14,223.85,0.98,0.00,0.00,0.26,535.89,233.30,0.95,0.00,0.00,0.30,553.99,234.07,0.96,556.33,232.23,0.86,530.47,250.78,0.91,535.83,249.04,0.63,537.43,281.90,0.74,0.00,0.00,0.44
39,0,0,person,536.23,183.24,0.56,537.92,180.89,0.66,0.00,0.00,0.16,542.06,181.73,0.84,0.00,0.00,0.12,546.64,196.39,0.99,551.36,194.81,0.82,549.05,219.96,0.99,0.00,0.00,0.24,536.31,230.31,0.96,0.00,0.00,0.23,554.55,230.93,0.96,558.33,228.95,0.84,529.09,248.82,0.87,0.00,0.00,0.48,535.97,278.71,0.64,0.00,0.00,0.29
40,0,0,person,536.06,178.11,0.67,538.04,175.78,0.78,0.00,0.00,0.15,543.55,176.45,0.92,0.00,0.00,0.07,547.17,190.50,0.99,553.06,188.95,0.83,550.32,212.15,0.99,0.00,0.00,0.20,539.42,223.71,0.95,0.00,0.00,0.18,555.29,225.54,0.96,560.13,223.79,0.83,531.12,245.39,0.89,0.00,0.00,0.50,536.12,276.12,0.69,0.00,0.00,0.33
41,0,0,person,538.39,173.37,0.63,540.38,170.91,0.73,0.00,0.00,0.15,545.72,171.34,0.88,0.00,0.00,0.07,549.33,186.19,0.99,552.90,184.59,0.82,552.15,209.20,0.98,0.00,0.00,0.24,540.01,220.07,0.95,0.00,0.00,0.23,554.64,222.27,0.95,557.69,220.41,0.82,530.92,242.33,0.87,537.22,240.72,0.52,537.79,273.39,0.68,0.00,0.00,0.35
42,0,0,person,539.81,170.34,0.68,541.71,167.72,0.78,0.00,0.00,0.13,547.28,168.18,0.90,0.00,0.00,0.04,550.38,180.99,0.99,554.66,181.55,0.81,553.36,204.97,0.97,0.00,0.00,0.23,540.42,214.96,0.93,0.00,0.00,0.21,554.66,221.05,0.95,558.08,220.15,0.84,533.15,241.18,0.89,539.13,241.17,0.58,538.34,272.51,0.70,0.00,0.00,0.39
43,0,0,person,541.99,167.00,0.78,544.27,164.46,0.86,0.00,0.00,0.19,550.02,165.53,0.91,0.00,0.00,0.03,552.52,179.43,0.99,555.45,179.58,0.81,554.86,203.80,0.97,0.00,0.00,0.24,541.30,211.58,0.94,0.00,0.00,0.25,556.55,218.41,0.95,558.92,217.36,0.81,534.85,238.05,0.88,539.62,237.73,0.57,543.14,269.73,0.70,0.00,0.00,0.39
44,0,0,person,543.61,164.53,0.81,545.92,162.35,0.88,0.00,0.00,0.15,552.15,164.06,0.93,0.00,0.00,0.03,553.71,178.74,0.99,558.66,176.68,0.84,553.99,203.02,0.99,0.00,0.00,0.24,540.92,211.21,0.98,0.00,0.00,0.28,558.37,215.47,0.96,561.54,213.52,0.81,535.72,234.20,0.85,0.00,0.00,0.43,547.60,262.87,0.55,0.00,0.00,0.21
45,0,0,person,544.01,164.08,0.83,546.12,161.73,0.90,0.00,0.00,0.17,552.09,163.36,0.95,0.00,0.00,0.03,553.70,178.81,0.99,559.33,176.88,0.85,554.06,202.66,0.99,0.00,0.00,0.21,540.96,210.17,0.97,0.00,0.00,0.23,558.94,215.59,0.96,562.48,213.80,0.81,536.65,233.17,0.85,0.00,0.00,0.40,549.51,261.52,0.55,0.00,0.00,0.20
46,0,0,person,545.89,162.47,0.86,548.25,160.25,0.92,0.00,0.00,0.24,554.16,162.04,0.95,0.00,0.00,0.04,554.67,176.84,0.99,559.87,174.91,0.84,554.43,200.70,0.99,0.00,0.00,0.20,541.82,210.37,0.97,0.00,0.00,0.23,561.22,214.01,0.96,564.60,212.28,0.79,537.88,231.25,0.85,0.00,0.00,0.39,550.94,260.04,0.57,0.00,0.00,0.21
47,0,0,person,547.60,161.16,0.86,550.03,158.89,0.92,0.00,0.00,0.24,555.79,160.79,0.95,0.00,0.00,0.04,556.30,176.16,0.99,559.41,174.12,0.84,555.57,200.04,0.99,0.00,0.00,0.22,542.30,208.94,0.98,0.00,0.00,0.26,564.00,212.83,0.96,565.79,211.03,0.79,541.03,229.79,0.85,0.00,0.00,0.37,551.81,259.55,0.54,0.00,0.00,0.18
48,0,0,person,548.96,161.34,0.68,551.23,159.14,0.78,0.00,0.00,0.15,556.23,161.11,0.91,0.00,0.00,0.06,557.90,175.02,0.99,562.76,174.74,0.85,556.43,198.85,0.98,0.00,0.00,0.24,544.04,208.56,0.94,0.00,0.00,0.20,563.67,213.22,0.96,567.42,211.89,0.83,540.97,231.05,0.87,547.42,230.62,0.50,551.86,261.04,0.64,0.00,0.00,0.31
49,0,0,person,552.52,161.14,0.74,555.20,158.72,0.83,0.00,0.00,0.20,560.85,160.25,0.90,0.00,0.00,0.06,561.36,175.50,0.99,564.11,174.33,0.81,560.00,199.62,0.98,0.00,0.00,0.21,547.36,208.85,0.95,0.00,0.00,0.21,567.24,213.50,0.94,569.48,211.65,0.77,542.96,231.33,0.83,0.00,0.00,0.42,554.20,262.09,0.59,0.00,0.00,0.26
50,0,0,person,552.65,162.48,0.73,555.07,160.14,0.82,0.00,0.00,0.19,560.06,161.61,0.91,0.00,0.00,0.06,562.52,175.17,0.99,566.13,174.88,0.85,563.31,199.76,0.98,0.00,0.00,0.24,549.31,208.16,0.95,0.00,0.00,0.21,569.54,213.96,0.95,572.47,212.47,0.83,542.64,232.09,0.87,549.06,231.65,0.52,554.65,263.65,0.66,0.00,0.00,0.33
51,0,0,person,553.93,163.84,0.62,556.00,161.50,0.74,0.00,0.00,0.09,561.61,162.95,0.91,0.00,0.00,0.03,564.18,176.37,0.99,569.59,176.07,0.83,565.33,200.38,0.98,0.00,0.00,0.21,551.17,208.48,0.95,0.00,0.00,0.19,568.63,215.54,0.96,572.80,214.22,0.84,544.23,233.92,0.89,550.76,233.81,0.55,554.11,264.35,0.70,0.00,0.00,0.36
52,0,0,person,555.38,165.16,0.72,557.65,162.82,0.82,0.00,0.00,0.12,563.47,164.31,0.92,0.00,0.00,0.03,565.85,177.65,0.99,569.85,177.27,0.83,566.94,201.80,0.98,0.00,0.00,0.23,552.91,209.73,0.96,0.00,0.00,0.22,570.34,216.89,0.96,573.59,215.53,0.85,545.04,235.04,0.90,551.35,234.96,0.59,554.40,266.37,0.72,0.00,0.00,0.39
53,0,0,person,557.93,166.97,0.73,560.17,164.45,0.83,0.00,0.00,0.13,566.09,165.70,0.92,0.00,0.00,0.03,567.94,179.52,0.99,574.58,179.03,0.81,568.19,203.49,0.98,0.00,0.00,0.22,553.71,211.66,0.96,0.00,0.00,0.23,571.26,218.33,0.95,576.48,216.68,0.83,545.52,236.17,0.90,553.33,235.02,0.57,553.34,267.71,0.71,0.00,0.00,0.38
54,0,0,person,560.09,165.64,0.73,562.41,163.33,0.83,0.00,0.00,0.14,567.97,165.02,0.92,0.00,0.00,0.03,569.53,178.80,0.99,573.02,178.74,0.84,569.05,202.58,0.99,0.00,0.00,0.26,553.82,211.30,0.96,0.00,0.00,0.26,571.89,217.28,0.95,574.74,215.81,0.84,544.42,234.31,0.89,550.41,233.25,0.57,553.68,266.08,0.70,0.00,0.00,0.37
55,0,0,person,561.84,163.49,0.74,563.83,161.33,0.81,0.00,0.00,0.19,568.73,163.46,0.92,0.00,0.00,0.07,569.54,178.85,0.99,575.84,177.97,0.92,568.67,202.09,0.99,0.00,0.00,0.44,554.80,211.49,0.97,0.00,0.00,0.38,573.38,215.14,0.96,578.02,213.47,0.89,544.88,231.43,0.87,553.57,229.73,0.56,552.50,263.22,0.59,0.00,0.00,0.30
56,0,0,person,562.04,160.15,0.68,563.74,157.76,0.76,0.00,0.00,0.18,568.32,159.29,0.90,0.00,0.00,0.09,569.69,175.11,0.99,578.23,173.99,0.90,569.26,199.14,0.99,0.00,0.00,0.42,555.96,207.72,0.96,0.00,0.00,0.37,573.88,212.79,0.96,580.12,210.89,0.87,544.70,229.37,0.87,554.52,227.20,0.56,553.12,261.36,0.61,0.00,0.00,0.32
57,0,0,person,562.27,155.66,0.82,564.79,153.49,0.88,0.00,0.00,0.26,570.00,155.52,0.92,0.00,0.00,0.06,570.79,171.53,0.99,576.58,169.75,0.85,569.93,195.55,0.99,0.00,0.00,0.27,555.98,203.81,0.98,0.00,0.00,0.29,574.26,208.17,0.96,578.77,205.97,0.83,545.84,227.00,0.87,0.00,0.00,0.48,555.09,258.36,0.62,0.00,0.00,0.27
58,0,0,person,562.54,151.71,0.79,564.86,149.37,0.86,0.00,0.00,0.18,570.40,151.05,0.93,0.00,0.00,0.05,569.98,166.95,0.99,578.04,165.13,0.84,569.79,190.07,1.00,0.00,0.00,0.23,555.04,200.16,0.99,0.00,0.00,0.28,573.54,204.30,0.97,579.82,202.24,0.84,546.15,224.46,0.88,0.00,0.00,0.43,557.44,255.35,0.56,0.00,0.00,0.19
59,0,0,person,562.32,149.74,0.76,564.45,147.32,0.85,0.00,0.00,0.15,570.00,148.38,0.93,0.00,0.00,0.04,570.37,164.16,1.00,576.34,162.42,0.81,570.10,187.12,1.00,0.00,0.00,0.19,554.37,197.69,0.99,0.00,0.00,0.24,572.41,200.72,0.97,576.90,198.75,0.82,547.56,223.11,0.88,0.00,0.00,0.39,558.08,254.94,0.57,0.00,0.00,0.18
60,0,0,person,562.78,146.45,0.76,565.11,143.87,0.86,0.00,0.00,0.15,571.05,145.47,0.94,0.00,0.00,0.03,570.77,161.12,0.99,577.76,160.46,0.82,569.64,185.80,0.98,0.00,0.00,0.18,555.49,196.86,0.95,0.00,0.00,0.18,572.61,201.45,0.97,578.22,199.89,0.84,548.61,222.26,0.92,557.19,220.97,0.61,555.46,254.38,0.78,0.00,0.00,0.44
61,0,0,person,560.74,147.78,0.65,562.55,145.24,0.77,0.00,0.00,0.09,567.53,146.44,0.93,0.00,0.00,0.03,569.24,162.16,0.99,576.40,160.35,0.79,566.82,185.40,1.00,0.00,0.00,0.18,552.53,195.05,0.99,0.00,0.00,0.22,571.72,199.79,0.97,576.79,197.85,0.82,548.15,221.16,0.91,0.00,0.00,0.45,559.64,252.58,0.68,0.00,0.00,0.25
62,0,0,person,560.68,147.62,0.71,562.75,145.21,0.81,0.00,0.00,0.12,567.83,146.79,0.93,0.00,0.00,0.04,568.00,162.79,0.99,573.62,160.96,0.80,565.29,186.78,0.99,0.00,0.00,0.18,550.90,194.89,0.99,0.00,0.00,0.23,571.55,199.89,0.97,575.46,198.10,0.81,547.76,219.13,0.90,0.00,0.00,0.45,560.32,249.98,0.68,0.00,0.00,0.27
63,0,0,person,559.88,147.15,0.72,561.81,144.59,0.83,0.00,0.00,0.12,567.19,145.69,0.95,0.00,0.00,0.04,567.21,161.91,1.00,576.52,159.60,0.82,563.14,185.71,1.00,0.00,0.00,0.17,550.63,194.75,0.98,0.00,0.00,0.19,570.53,199.42,0.97,576.97,197.40,0.81,546.95,218.47,0.89,0.00,0.00,0.40,560.08,248.00,0.65,0.00,0.00,0.23
64,0,0,person,559.21,146.89,0.67,561.31,144.31,0.79,0.00,0.00,0.12,566.59,145.60,0.93,0.00,0.00,0.05,567.20,160.72,0.99,576.53,160.12,0.83,562.79,185.49,0.98,0.00,0.00,0.18,550.34,194.90,0.93,0.00,0.00,0.15,569.61,200.62,0.96,576.64,199.13,0.83,546.30,216.70,0.90,554.39,216.27,0.54,556.35,247.89,0.73,0.00,0.00,0.38
65,0,0,person,558.48,147.52,0.67,560.73,145.03,0.77,0.00,0.00,0.16,565.13,146.36,0.90,0.00,0.00,0.06,566.15,160.72,0.99,572.09,160.68,0.82,563.00,184.88,0.98,0.00,0.00,0.20,549.54,194.74,0.93,0.00,0.00,0.18,569.72,200.59,0.96,574.48,199.37,0.83,545.74,217.15,0.90,553.14,217.26,0.57,556.73,250.16,0.74,0.00,0.00,0.41
66,0,0,person,558.07,148.51,0.64,560.16,145.92,0.75,0.00,0.00,0.14,564.93,146.82,0.90,0.00,0.00,0.06,565.69,160.90,0.99,571.88,160.44,0.81,563.94,184.56,0.98,0.00,0.00,0.20,550.73,194.11,0.94,0.00,0.00,0.18,569.00,200.22,0.96,573.86,198.93,0.84,547.24,218.02,0.91,553.97,217.83,0.59,557.74,249.75,0.76,0.00,0.00,0.43
67,0,0,person,557.29,149.36,0.75,559.97,146.83,0.84,0.00,0.00,0.20,566.03,147.96,0.92,0.00,0.00,0.05,564.96,162.49,0.99,569.94,161.69,0.82,562.10,186.17,0.98,0.00,0.00,0.21,550.50,195.26,0.94,0.00,0.00,0.20,568.44,200.87,0.96,572.56,199.50,0.83,547.32,219.32,0.90,554.00,218.80,0.59,556.26,250.50,0.75,0.00,0.00,0.43
68,0,0,person,556.33,150.85,0.84,559.22,148.63,0.91,0.00,0.00,0.29,565.76,150.46,0.94,0.00,0.00,0.07,564.33,165.78,1.00,569.17,163.75,0.80,561.72,188.60,1.00,0.00,0.00,0.18,547.30,196.76,0.99,0.00,0.00,0.24,570.82,202.65,0.97,574.19,200.65,0.80,546.58,221.29,0.88,0.00,0.00,0.39,557.31,253.08,0.62,0.00,0.00,0.20
69,0,0,person,555.63,152.90,0.71,557.89,150.70,0.80,0.00,0.00,0.19,562.49,152.46,0.90,0.00,0.00,0.08,563.76,167.79,0.99,569.95,165.94,0.82,561.63,189.14,0.99,0.00,0.00,0.21,549.91,198.01,0.96,0.00,0.00,0.20,569.12,204.13,0.96,573.43,202.09,0.82,544.75,224.41,0.89,550.28,222.18,0.50,554.75,255.67,0.71,0.00,0.00,0.34
70,0,0,person,553.77,155.81,0.65,555.71,153.52,0.73,0.00,0.00,0.14,560.31,154.88,0.89,0.00,0.00,0.06,562.51,170.20,0.99,568.56,168.45,0.87,560.42,192.85,0.99,0.00,0.00,0.31,546.86,200.71,0.97,0.00,0.00,0.29,567.21,207.21,0.96,571.55,205.03,0.87,540.73,225.07,0.88,546.50,222.50,0.55,550.13,255.80,0.65,0.00,0.00,0.33
71,0,0,person,554.22,157.23,0.51,556.32,154.90,0.63,0.00,0.00,0.08,561.48,156.31,0.87,0.00,0.00,0.04,561.37,170.88,0.99,567.36,169.79,0.79,558.68,192.78,0.99,0.00,0.00,0.22,544.67,200.75,0.97,0.00,0.00,0.22,562.94,208.81,0.96,567.27,206.69,0.83,536.30,226.83,0.89,541.98,223.23,0.51,548.71,256.55,0.68,0.00,0.00,0.33
72,0,0,person,548.88,158.49,0.69,551.09,156.09,0.77,0.00,0.00,0.13,557.16,157.47,0.92,0.00,0.00,0.04,558.95,173.42,0.99,565.06,171.95,0.90,555.31,195.53,0.99,0.00,0.00,0.38,542.17,202.85,0.97,0.00,0.00,0.34,561.33,209.66,0.96,565.42,207.35,0.87,533.56,225.39,0.88,538.46,222.24,0.59,541.90,254.75,0.66,0.00,0.00,0.36
73,0,0,person,546.24,155.73,0.87,548.88,153.42,0.93,0.00,0.00,0.25,555.98,155.03,0.96,0.00,0.00,0.04,556.46,170.86,0.99,562.29,169.43,0.88,552.46,192.98,0.99,0.00,0.00,0.27,538.64,201.49,0.97,0.00,0.00,0.28,558.55,207.42,0.96,562.85,205.34,0.84,531.15,223.61,0.90,537.98,220.89,0.56,538.16,253.65,0.72,0.00,0.00,0.38
74,0,0,person,545.00,152.15,0.85,547.57,149.73,0.91,0.00,0.00,0.23,553.78,150.89,0.94,0.00,0.00,0.04,553.32,166.44,0.99,559.19,165.28,0.84,550.64,189.90,0.99,0.00,0.00,0.23,535.50,199.77,0.98,0.00,0.00,0.28,555.14,204.01,0.96,559.71,202.25,0.83,527.32,220.39,0.87,0.00,0.00,0.43,536.72,251.06,0.58,0.00,0.00,0.21
75,0,0,person,541.76,148.84,0.84,544.42,146.22,0.91,0.00,0.00,0.23,551.13,147.32,0.95,0.00,0.00,0.04,551.29,163.74,0.99,558.08,162.52,0.81,546.89,186.38,0.98,0.00,0.00,0.19,533.62,197.21,0.96,0.00,0.00,0.22,553.83,201.53,0.94,558.94,199.55,0.74,526.76,218.36,0.86,0.00,0.00,0.44,533.14,250.08,0.69,0.00,0.00,0.32
76,0,0,person,540.69,146.54,0.84,542.81,143.92,0.91,0.00,0.00,0.26,548.74,144.69,0.94,0.00,0.00,0.05,548.54,160.50,0.99,554.93,159.14,0.84,545.55,183.67,0.99,0.00,0.00,0.23,530.96,194.59,0.97,0.00,0.00,0.25,550.43,198.10,0.96,555.01,196.17,0.81,523.44,214.91,0.88,0.00,0.00,0.48,530.17,247.26,0.65,0.00,0.00,0.28
77,0,0,person,538.05,145.09,0.84,540.36,142.65,0.90,0.00,0.00,0.25,545.87,143.93,0.94,0.00,0.00,0.05,546.15,159.89,0.99,551.15,158.07,0.82,543.11,182.92,0.99,0.00,0.00,0.21,528.94,191.82,0.97,0.00,0.00,0.23,546.62,196.32,0.96,550.26,194.12,0.80,520.86,213.99,0.85,0.00,0.00,0.40,526.64,245.43,0.57,0.00,0.00,0.21
78,0,0,person,536.59,143.57,0.78,538.70,141.13,0.85,0.00,0.00,0.27,543.11,142.46,0.90,0.00,0.00,0.08,543.10,158.73,0.99,547.30,156.99,0.85,538.10,181.89,0.99,0.00,0.00,0.26,524.26,191.58,0.97,0.00,0.00,0.27,543.81,195.53,0.96,546.71,193.48,0.82,518.70,213.76,0.87,0.00,0.00,0.46,526.23,244.57,0.61,0.00,0.00,0.26
79,0,0,person,532.04,142.83,0.86,534.63,140.47,0.92,0.00,0.00,0.32,540.13,142.32,0.93,0.00,0.00,0.06,539.53,158.74,0.99,543.38,157.33,0.85,534.94,181.82,0.99,0.00,0.00,0.26,522.08,190.80,0.97,0.00,0.00,0.28,541.08,196.25,0.96,543.78,194.45,0.82,515.60,214.32,0.87,0.00,0.00,0.46,524.52,244.90,0.60,0.00,0.00,0.25
80,0,0,person,527.71,142.85,0.83,530.22,140.61,0.90,0.00,0.00,0.25,535.52,142.48,0.94,0.00,0.00,0.05,535.52,158.34,0.99,538.65,157.10,0.84,532.78,181.26,0.99,0.00,0.00,0.22,518.02,190.57,0.97,0.00,0.00,0.23,537.56,195.48,0.96,539.76,193.85,0.82,512.98,213.17,0.87,0.00,0.00,0.43,522.67,243.17,0.61,0.00,0.00,0.23
81,0,0,person,525.38,143.08,0.75,527.96,140.60,0.84,0.00,0.00,0.16,533.98,142.34,0.92,0.00,0.00,0.03,533.39,156.67,0.99,537.35,156.41,0.76,531.00,180.59,0.98,0.00,0.00,0.16,516.82,191.14,0.95,0.00,0.00,0.18,533.23,195.74,0.94,536.56,194.65,0.74,511.09,212.76,0.86,0.00,0.00,0.43,519.88,244.76,0.65,0.00,0.00,0.29
82,0,0,person,521.82,143.45,0.81,524.63,140.90,0.89,0.00,0.00,0.20,531.27,142.41,0.93,0.00,0.00,0.03,531.04,156.49,0.99,533.81,156.33,0.77,528.97,180.15,0.98,0.00,0.00,0.18,515.87,192.17,0.95,0.00,0.00,0.21,533.20,195.33,0.94,535.70,194.18,0.77,509.17,213.29,0.88,514.89,212.38,0.51,516.44,245.06,0.71,0.00,0.00,0.36
83,0,0,person,516.75,144.50,0.78,519.41,141.95,0.86,0.00,0.00,0.16,526.28,143.23,0.92,0.00,0.00,0.02,527.01,156.86,0.99,529.26,156.93,0.78,527.52,180.47,0.98,0.00,0.00,0.20,514.26,193.34,0.96,0.00,0.00,0.22,530.58,196.21,0.95,532.49,195.12,0.80,505.86,214.62,0.90,510.37,213.84,0.56,515.10,246.42,0.73,0.00,0.00,0.39
84,0,0,person,514.85,146.53,0.75,517.35,143.75,0.85,0.00,0.00,0.15,523.69,144.61,0.93,0.00,0.00,0.03,524.50,158.54,0.99,530.46,158.32,0.77,524.97,182.94,0.98,0.00,0.00,0.17,511.31,195.33,0.95,0.00,0.00,0.18,528.50,198.52,0.95,533.35,197.19,0.80,502.51,216.46,0.91,510.25,215.94,0.55,511.45,250.52,0.76,0.00,0.00,0.40
85,0,0,person,515.99,149.07,0.90,518.65,146.49,0.95,0.00,0.00,0.34,524.60,147.51,0.97,0.00,0.00,0.06,524.99,161.66,1.00,531.16,160.14,0.81,526.87,184.44,0.99,0.00,0.00,0.15,513.97,195.62,0.98,0.00,0.00,0.20,532.80,199.83,0.97,537.63,198.12,0.77,506.46,218.74,0.90,0.00,0.00,0.39,514.75,250.87,0.70,0.00,0.00,0.25
86,0,0,person,516.69,151.54,0.91,519.69,149.02,0.95,0.00,0.00,0.39,525.72,150.44,0.95,0.00,0.00,0.05,525.59,164.76,0.99,529.13,164.36,0.86,526.02,187.82,0.99,0.00,0.00,0.23,514.42,198.58,0.97,0.00,0.00,0.27,532.56,203.23,0.96,535.70,202.00,0.81,506.38,221.63,0.90,513.75,220.34,0.55,514.08,253.41,0.74,0.00,0.00,0.39
